{"Rice": [2872.8006104882966], "Wheat": [4442.16613896948], "Jowar": [505.37755080171064], "Bajra": [1752.069840535742], "Maize": [2404.8210586363684], "Barley": [3227.1155883554075], "Total Cereals": [2689.285374384704], "Tur": [1036.1753598916953], "Gram": [738.5371669560075], "Other Pulses": [629.7804452825628], "Total Pulses": [797.8117345707618], "Total Foodgrains": [3556.503859712485], "Groundnuts": [953.5621924201298], "Sesamum": [424.88877387200375], "Castorseed": [980.9042854179179], "Total Oilseeds": [1497.216475259415], "Sugarcane": [71233.41799221144], "Cotton": [521.5789714001229], "Potato": [214.07739544857742], "Ginger": [110.11853749667993], "Urad": [383.2195755928392]}